sample,date,time,DOC,alkalinity,temp,pH,specific_conductance,HDO_con_mg_liter,HDO_sat_percent,turbidity,Chl,cdom_probe_value,alternate_cdom_probe_value,salinity,fluorescence_index,humification_index,fluorescence_index_new,manta_probe1,manta_probe2,freshness,coble_peak_b,coble_peak_t,coble_peak_a,coble_peak_m,coble_peak_c,uva_254,specific_uva_254,uva_412,spectral_slope_275_295,spectral_slope_350_400,spectral_slope_ratio,spectral_slope_280_450,spectral_slope_588_598,total_absorb_250_450,total_absorb_300_340,model_comp_1,model_comp_2,model_comp_3,model_comp_4
SRS 6-1 1,2022-10-15,12:34:00,9.315333333,3230.366667,28.21,7.4,25200,2.71,39.3,2.49,0.97,136.19,222.91,15.28,1.175486141,8.984722902,1.498950525,2262.720937,897.7896384,0.642811422,0.315046678,0.387836283,2.336980845,1.257063378,0.96026688,34.19216312,3.670524918,2.979047182,0.016944824,0.016371405,1.035025622,0.016048807,-0.019997137,2384.156515,540.7233763,2.1341193,1.2324598,0.5435173,0.2937268
SRS 6-1 2,2022-10-15,13:34:00,9.998,3179.9,28.34,7.4,22010,2.76,39.6,2.82,0.92,143.05,234.39,13.18,1.174844206,8.526365075,1.495563696,2411.585154,956.1398394,0.63487695,0.333095031,0.436451849,2.496384803,1.343139951,1.020698837,35.40590851,3.541299111,3.033230107,0.01694254,0.016593552,1.021031526,0.016222556,-0.022403577,2462.079209,559.2008528,2.2772645,1.306966,0.5773804,0.3227944
SRS 6-1 3,2022-10-15,14:34:00,10.22,3223.12,28.42,7.39,21070,2.79,40,3.04,0.93,144.69,238.33,12.56,1.179613891,8.899444163,1.499002943,2474.285932,977.354744,0.637207868,0.318841253,0.429606239,2.576811948,1.374333459,1.051510928,36.4960706,3.57104409,3.1540002,0.016855874,0.016562959,1.017684927,0.016148743,-0.004811767,2543.276987,578.4559759,2.3381022,1.3440178,0.5883112,0.3127963
SRS 6-1 4,2022-10-15,15:34:00 ,10.95,3023.533333,28.5,7.4,15660,2.93,41.2,3.22,0.83,155.92,257.81,9.1,1.175483796,9.306949441,1.49117422,2709.685916,1070.718278,0.627484955,0.341301614,0.468357033,2.810003986,1.511944735,1.149093519,39.22679477,3.582355687,3.418781455,0.016638114,0.016585704,1.003159922,0.01613664,-0.021573145,2743.739894,626.0176937,2.5697521,1.4621716,0.6430331,0.3187313
SRS 6-1 5,2022-10-15,16:34:00 ,11.17666667,3138.1,28.4,7.39,14330,2.83,39.6,3.49,0.85,152.21,253.46,8.26,1.169124507,9.461613739,1.486644698,2790.789804,1105.678756,0.627709651,0.326379124,0.461580504,2.931072612,1.562629891,1.178549624,40.24916204,3.601177636,3.544880191,0.016569758,0.016506801,1.003813963,0.01606434,-0.01955645,2824.031997,645.2882549,2.6457771,1.5080546,0.6724272,0.3339556
SRS 6-1 6,2022-10-15,17:34:00 ,10.5,3087.833333,28.19,7.43,17410,3.63,51.2,3.72,0.87,141.87,234.74,10.21,1.169999523,9.346320508,1.494177953,2551.068786,1012.237287,0.633998301,0.313008269,0.459138664,2.629458465,1.423724286,1.080186283,37.22887047,3.545606712,3.22605221,0.016707873,0.016571436,1.008233275,0.016179315,-0.020817608,2601.518049,593.1291133,2.4120511,1.3790312,0.60848,0.3253771
SRS 6-1 7,2022-10-15,18:34:00 ,9.560333333,3138.233333,28.38,7.42,22370,3.15,45.4,4.02,0.95,125.94,209.72,13.41,1.177279688,9.696598932,1.509382287,2284.952542,903.7351718,0.645696771,0.279826702,0.363944451,2.400416821,1.275385497,0.964342939,33.79115267,3.534516161,2.88383997,0.016938065,0.016621237,1.019061613,0.016265148,-0.022541123,2347.847495,533.4400202,2.1617513,1.2444323,0.5459356,0.2769238
SRS 6-1 8,2022-10-15,19:34:00 ,8.996,3170.25,28.48,7.44,25780,3.06,44.8,3.95,1,127.23,208.38,15.67,1.179478301,8.612729574,1.49248351,2117.204716,835.4856013,0.649431758,0.297290557,0.380411696,2.187249029,1.185365225,0.89568997,31.72419266,3.526477619,2.642513069,0.017199324,0.016746846,1.027018733,0.016408785,-0.023419566,2188.276945,495.4842822,1.9950912,1.1657185,0.5018683,0.2941349
SRS 6-1 9,2022-10-15,20:34:00 ,9.099666667,3160.4,28.49,7.44,25770,2.94,43,4.05,0.92,127.03,207.19,15.66,1.180951926,8.772011634,1.513463781,2125.584289,837.4265782,0.65017374,0.292302161,0.365095074,2.194524389,1.180675514,0.895401106,31.82169456,3.497017608,2.666546844,0.017164201,0.016688598,1.028498718,0.016372086,-0.02113744,2197.800031,497.562444,2.0016862,1.1652873,0.5068031,0.2844501
SRS 6-1 10,2022-10-15,21:34:00 ,9.502333333,3130.933333,28.39,7.43,24410,2.93,42.5,4.09,0.83,129.66,208.43,14.76,1.182575331,8.043969755,1.506777355,2192.718485,866.2628495,0.649161916,0.299309472,0.459868439,2.262861241,1.222576931,0.926021737,32.85488578,3.457559804,2.780442335,0.01697873,0.016607812,1.022333983,0.016305889,-0.021367726,2276.32299,516.2670596,2.0644982,1.2049963,0.5204909,0.3206752
SRS 6-1 11,2022-10-15,22:34:00 ,9.801,3097.2,28.1,7.43,20850,2.98,42.4,4.13,0.78,138.22,227.43,12.42,1.177085115,9.150596064,1.491366509,2341.477604,930.8861326,0.638983946,0.295950102,0.401010871,2.431398783,1.298826649,0.98913326,34.42028046,3.511915158,2.986749393,0.016729212,0.016544824,1.01114476,0.016181557,-0.020824595,2407.16485,548.6193633,2.2109372,1.2605826,0.5690467,0.2887784
SRS 6-1 12,2022-10-15,23:34:00 ,10.11333333,3198.766667,28.11,7.41,18790,2.96,41.9,4.06,0.79,144.55,238.63,11.09,1.167712599,9.346344343,1.502563829,2509.117673,1005.888422,0.625478202,0.325203405,0.430119052,2.594654876,1.387161091,1.074203836,36.68481867,3.627371655,3.317462751,0.016498927,0.016257455,1.014853015,0.015868453,-0.021425683,2595.293606,593.2982187,2.3717885,1.3341285,0.6203778,0.3126692
SRS 6-1 13,2022-10-16,00:34:00 ,10.35666667,3102.433333,28.19,7.41,17580,2.93,41.3,4.08,0.78,148.23,245.18,10.32,1.179117453,9.350745017,1.493602728,2559.62355,1015.082939,0.632436785,0.30377926,0.463798058,2.665460716,1.419182035,1.080444721,37.27713684,3.599337319,3.266640667,0.016645078,0.016468769,1.010705633,0.016088883,-0.020889009,2611.80456,595.6391247,2.4214646,1.3821484,0.6155845,0.3126273
SRS 6-1 14,2022-10-16,01:34:00 ,10.46,3122.366667,28.17,7.4,16420,2.78,39,4.12,0.8,150.83,249.14,9.58,1.17701323,9.531074442,1.492704676,2607.1827,1027.706526,0.628228639,0.300800835,0.454647746,2.749150936,1.443913891,1.093334695,37.83605624,3.61721379,3.370113579,0.016575895,0.016362011,1.013071982,0.015952313,-0.020623039,2659.920602,606.8807775,2.4667712,1.4049298,0.6249689,0.3042517
SRS 6-2 1,2022-10-16,11:42:00 ,10.02666667,3136,28.13,7.42,18310,2.75,38.8,4.18,0.79,145.41,239.42,10.78,1.171651394,8.194871645,1.493510377,2461.880349,963.053848,0.641679314,0.382830322,0.476502093,2.557581809,1.373744008,1.033507399,35.79767656,3.570246998,3.090912217,0.016832756,0.01645558,1.022920898,0.01610676,-0.018730158,2490.391292,565.4969916,2.3254931,1.3410706,0.5764792,0.3497952
SRS 6-2 2,2022-10-16,12:42:00 ,10.47333333,-9999,28.19,7.43,16280,2.96,41.5,4.24,0.79,148.26,242.79,9.49,1.170766089,8.134568915,1.487215696,2537.632516,989.8578206,0.637287485,0.375965649,0.484163235,2.653509156,1.419167446,1.062861706,36.36931465,3.472563461,3.115792616,0.016861343,0.016512532,1.021124018,0.016151691,-0.018499888,2521.086162,572.348809,2.3965949,1.3906016,0.5896912,0.3573207
SRS 6-2 3,2022-10-16,13:42:00 ,10.58,3078.2,28.33,7.44,14630,3.16,44.3,4.31,0.86,142.2,235.23,8.45,1.178898981,7.895529705,1.494411567,2600.771104,1000.648097,0.642894121,0.397135893,0.565961265,2.722779845,1.470044034,1.086426147,36.67453101,3.466401797,3.043659862,0.017068092,0.016772496,1.017623866,0.016362008,-0.018442334,2520.15075,570.5494199,2.459897,1.4574306,0.5838544,0.4006438
SRS 6-2 4,2022-10-16,14:42:00 ,10.42666667,3086.9,28.46,7.44,14330,3.24,45.3,4.23,0.81,147.65,243.53,8.26,1.179344281,7.513231251,1.486054695,2613.22113,1013.998604,0.641245162,0.377588569,0.629459339,2.736218161,1.467756528,1.099936878,37.27972267,3.575420972,3.138282286,0.016960609,0.016676883,1.017013089,0.016283117,-0.016045435,2574.116664,583.9251426,2.461449,1.4508727,0.6004378,0.439536
SRS 6-2 5,2022-10-16,15:42:00 ,10.94,2970,28.37,7.46,7098,3.38,46.2,4.09,0.75,162.92,269.4,3.87,1.172522389,8.721406514,1.483590781,2898.928699,1118.510472,0.630028473,0.381773104,0.523424213,3.043127612,1.642425329,1.202237114,40.03085988,3.659127959,3.369999019,0.016735651,0.016743254,0.999545856,0.016280144,-0.019236071,2763.797033,628.3642168,2.7519558,1.6057466,0.6567157,0.3702072
SRS 6-2 6,2022-10-16,16:42:00 ,11.37666667,2978.5,28.41,7.43,7965,3.18,43.6,4.06,0.77,161.95,264.63,4.38,1.167424422,9.200303187,1.482603768,2888.399475,1114.978322,0.628539429,0.357822364,0.521136813,3.070907287,1.631848899,1.202436947,39.52378249,3.474109214,3.264955582,0.016901759,0.01691179,0.999406881,0.016344119,-0.018320459,2704.136315,612.609589,2.7463775,1.5929357,0.6552682,0.355
SRS 6-2 7,2022-10-16,17:42:00 ,11.13333333,3018.5,28.39,7.42,9643,3.27,45,4.09,0.78,160.02,263.41,5.38,1.175426301,8.542998876,1.49518411,2838.309928,1096.967073,0.630697243,0.398812053,0.516309266,3.00255388,1.60138773,1.184773366,39.55841584,3.553151124,3.366570524,0.016699272,0.016671387,1.001672628,0.01621345,-0.018121645,2740.239091,623.3137991,2.6924776,1.5566953,0.6477723,0.3737531
SRS 6-2 8,2022-10-16,18:42:00 ,10.21666667,3072.9,28.6,7.43,17060,2.97,42.1,4.25,0.77,141.66,233.39,9.98,1.175551058,8.543295689,1.494462951,2515.433172,974.9379855,0.642982542,0.357907712,0.447008241,2.641505513,1.405420937,1.053866254,35.84200525,3.508189747,2.973921499,0.017082798,0.016745444,1.020145969,0.016390354,-0.018700013,2465.516572,558.2073869,2.3770226,1.3884287,0.5788375,0.3248295
SRS 6-2 9,2022-10-16,19:42:00 ,10.21,3163.8,28.48,7.43,16650,3.03,42.7,4.19,0.8,147.7,242.23,9.72,1.176417485,9.036760531,1.493148304,2553.686382,992.0752754,0.637381917,0.320194533,0.451259327,2.682479936,1.420734356,1.064449471,36.45835838,3.570848029,3.080904335,0.01694701,0.016663811,1.016994816,0.016281583,-0.018119417,2522.195152,572.4643616,2.4169889,1.3930114,0.5927767,0.317271
SRS 6-2 10,2022-10-16,20:42:00 ,9.923666667,3144.8,28.53,7.42,19280,2.88,41.2,4.15,0.79,143.53,235.55,11.4,1.171358099,8.727460107,1.487489672,2470.988907,965.1102744,0.640300322,0.326380254,0.453589094,2.572695225,1.381612415,1.034467356,36.05450982,3.633184289,3.155141358,0.016843763,0.016335947,1.031085799,0.015995614,-0.018904305,2515.882548,571.3185097,2.3350876,1.3552638,0.58272,0.3180359
SRS 6-2 11,2022-10-16,21:42:00 ,9.865666667,3177.6,28.44,7.43,20170,2.79,39.8,4.17,0.86,142.55,233.67,11.98,1.183113935,8.948606899,1.511055618,2417.874534,949.1407065,0.64216047,0.30557205,0.425317074,2.494022132,1.349882712,1.02412578,35.05214567,3.552942427,2.968837504,0.016985181,0.016600796,1.02315461,0.016272167,-0.018474077,2427.574673,550.5821855,2.2845085,1.325892,0.5709644,0.2990531
SRS 6-2 12,2022-10-16,22:42:00 ,9.579,3169.4,28.56,7.43,21340,2.76,39.7,4.19,0.85,140.11,228.86,12.73,1.172944262,8.800436672,1.49163958,2336.509444,915.1404905,0.647779053,0.320154063,0.408274191,2.444486264,1.306076021,0.986675474,34.40420604,3.591628149,2.924503507,0.017041119,0.016513351,1.031960078,0.016192184,-0.016697755,2380.657338,539.0925802,2.207182,1.2837079,0.5501025,0.2879426
SRS 6-2 13,2022-10-16,23:42:00 ,10.004,3179,28.25,7.44,18510,2.83,40.1,4.16,0.81,147,241.03,10.91,1.175554454,8.990087782,1.49457125,2458.86138,963.4525714,0.642695087,0.31660582,0.451723078,2.571563523,1.375111937,1.037420396,36.24894647,3.623445269,3.183530535,0.016831454,0.016278482,1.033969478,0.015943333,-0.019493416,2528.578264,573.7744149,2.3185488,1.3493445,0.5830329,0.3185697
SRS 6-2 14,2022-10-17,00:42:00 ,10.13333333,3261.7,28.27,7.42,17330,2.74,38.6,4.12,0.81,150.69,247.21,10.16,1.176616489,9.144207731,1.488398127,2533.437469,992.0237029,0.63061134,0.356155598,0.431904228,2.630617781,1.419055531,1.06509258,36.74448803,3.626100792,3.17073456,0.016811181,0.016503162,1.018664212,0.016140361,-0.019482168,2557.19848,581.3992312,2.3981122,1.3815599,0.5916326,0.3371099
SRS 6-3 1,2022-10-17,10:00:00 ,7.628,3044.8,28.37,7.56,33830,3.02,45.4,4.22,1.15,108.87,175.68,21.13,1.190138036,5.901429919,1.506102067,1692.794066,653.916943,0.678011831,0.371643954,0.396502808,1.784062077,0.9454732,0.707198059,25.50449786,3.343536689,2.023354136,0.017807485,0.016862222,1.056058044,0.016580621,-0.019219287,1720.835372,384.8591742,1.5834983,0.9613238,0.3881061,0.330223
SRS 6-3 2,2022-10-17,11:00:00 ,8.639666667,3088.8,28.17,7.51,28750,2.83,41.5,4.17,1.04,126.35,204.2,17.67,1.186374479,7.063735625,1.503266779,1970.371792,768.2435635,0.655775205,0.338471116,0.394976621,2.054419712,1.096149834,0.828310832,29.52796937,3.417720905,2.466834293,0.017642129,0.016515724,1.068201974,0.01622757,-0.021053644,2019.190745,453.8227771,1.8544621,1.0941612,0.4601625,0.3131441
SRS 6-3 3,2022-10-17,12:00:00 ,8.806,3112.5,28.15,7.49,26840,2.84,41.4,4.19,0.97,131.74,213.72,16.38,1.17910364,7.323260118,1.50198922,2120.043445,830.4610864,0.650835695,0.368569055,0.405497915,2.212680268,1.179607437,0.891317202,30.64366614,3.479862155,2.563283089,0.017199869,0.016637608,1.033794593,0.016330664,-0.016925859,2110.642335,477.1390537,1.9968113,1.1600887,0.4992665,0.3220009
SRS 6-3 4,2022-10-17,13:00:00 ,9.07,3168,28.25,7.47,25420,2.71,39.4,4.1,1.11,134.6,218.42,15.43,1.176394433,7.629037354,1.489202362,2144.07528,839.2397355,0.648261021,0.346906692,0.452547254,2.222660968,1.188966641,0.899767246,31.30776555,3.451793335,2.593157257,0.01728398,0.016679558,1.036237239,0.016296437,-0.017463877,2137.442138,481.4595094,2.0137726,1.1748684,0.5086311,0.3263506
SRS6-4 1,2023-03-12,11:09:00 ,6.322,3819.666667,25.03,7.41,48570,3.65,54.7,31.69,-9999,-9999,-9999,31.69,1.205192826,9.645751046,1.517650798,1481.733018,560.6270629,0.704147025,0.183202073,0.271800437,1.545952069,0.801129385,0.608304539,21.24788857,3.360944095,1.545705452,0.018735023,0.017280696,1.084159059,0.017137692,-0.019869,1396.196801,307.9320644,1.3771664,0.8467155,0.3418769,0.1964686
SRS6-4 2,2023-03-12,12:09:00 ,6.419,3822.566667,25.19,7.43,48410,3.72,55.8,31.57,-9999,-9999,-9999,31.57,1.204295903,9.208882336,1.525584731,1487.77163,562.6467645,0.701381554,0.185046934,0.258836518,1.557140857,0.80632399,0.611887508,21.98025003,3.424248329,1.665868728,0.018452656,0.016977034,1.086918721,0.016852579,-0.019447611,1458.271622,322.8809937,1.3838677,0.8537218,0.3427251,0.2002481
SRS6-4 3,2023-03-12,13:09:00 ,7.036,3982.5,25.52,7.4,47310,3.73,56,30.76,-9999,-9999,-9999,30.76,1.197447194,9.545797447,1.526557435,1696.708212,643.7125841,0.694583112,0.207140363,0.3018113,1.763156763,0.922511973,0.7050143,23.91278305,3.398633179,1.749639502,0.018639399,0.017342539,1.074779134,0.017158059,-0.018887616,1579.75897,349.7755617,1.5837773,0.9673163,0.3916244,0.2180561
SRS6-4 4,2023-03-12,14:09:00 ,6.806,3925.033333,25.57,7.41,47720,3.66,55.2,31.05,-9999,-9999,-9999,31.05,1.206226803,9.560911655,1.525253763,1615.397814,609.4762891,0.694814712,0.197815711,0.287420996,1.679974584,0.874409927,0.667508804,23.42520176,3.441845689,1.749748956,0.018484284,0.017246015,1.071800289,0.017036651,-0.021807794,1554.927918,344.7096986,1.5041696,0.9211679,0.3675761,0.2089328
SRS6-4 5,2023-03-12,15:09:00 ,6.282,3817.066667,25.74,7.47,48740,3.91,59.2,31.8,-9999,-9999,-9999,31.8,1.197158409,8.054774134,1.531463043,1424.959798,530.0773854,0.695391222,0.20431495,0.306580295,1.498639215,0.773665717,0.584283195,21.05827449,3.352160855,1.556852372,0.01874159,0.017331692,1.081347924,0.01693114,0.013091694,1384.340309,304.3500753,1.3214479,0.833412,0.3172088,0.2269971
SRS6-4 6,2023-03-12,16:09:00 ,5.967,3752.766667,25.98,7.54,49230,4.29,65.5,32.15,-9999,-9999,-9999,32.15,1.203715413,7.405709038,1.512892864,1306.115149,482.2226472,0.717326637,0.207080561,0.295097066,1.392631875,0.716363938,0.538899028,19.68956082,3.299742051,1.366080993,0.019060507,0.01760032,1.082963662,0.01743608,-0.019409354,1275.115932,279.652856,1.2097308,0.7815143,0.2835062,0.2375619
SRS6-4 7,2023-03-12,17:09:00 ,5.608,3657.866667,26.41,7.69,49540,5.51,84.7,32.37,-9999,-9999,-9999,32.37,1.192605782,7.831790849,1.507409505,1145.137117,408.4471545,0.737853287,0.200782986,0.216214506,1.238362688,0.630021194,0.455606363,17.67831771,3.152339107,1.100627214,0.019542768,0.018431934,1.06026684,0.018295614,-0.178664438,1115.208634,242.7505863,1.0588083,0.706892,0.2350958,0.205852
SRS6-4 8,2023-03-12,18:09:00 ,5.761,3679.7,26.35,7.7,49510,5.51,84.7,32.34,-9999,-9999,-9999,32.34,1.203090213,7.849601871,1.510594521,1160.107679,414.7844008,0.735287023,0.247238747,0.242842133,1.254419474,0.644585965,0.465538682,17.53168429,3.043166861,1.088451169,0.019755061,0.01825882,1.081946233,0.01815663,-0.02405213,1101.765488,238.6674538,1.0734761,0.7140803,0.2368565,0.2329606
SRS6-4 9,2023-03-12,19:09:00 ,5.864,3695.1,26.19,7.68,49510,5.26,80.6,32.35,-9999,-9999,-9999,32.35,1.204513186,6.164548603,1.508220554,1156.865194,412.2526356,0.748342436,0.302176696,0.379328469,1.244022787,0.638539316,0.457998716,18.71606284,3.191688752,1.351448654,0.019088062,0.016924014,1.127868488,0.016938466,-0.021521132,1212.920524,264.3937132,1.0570328,0.7242195,0.2363485,0.3266382
SRS6-4 10,2023-03-12,20:09:00 ,6.072,3747.533333,26.03,7.59,49080,4.66,71.1,32.04,-9999,-9999,-9999,32.04,1.190606633,8.271439637,1.503759687,1311.339313,477.8319228,0.720932037,0.230641653,0.274576485,1.398147087,0.716647675,0.530667188,20.44803101,3.36759404,1.712282133,0.018352659,0.015733008,1.166506676,0.015728257,-0.017945459,1370.429825,300.823634,1.2130573,0.7805373,0.2844054,0.2370945
SRS6-4 11,2023-03-12,21:09:00 ,6.123,3775.333333,25.93,7.55,48960,4.43,67.4,31.96,-9999,-9999,-9999,31.96,1.194425047,8.342518731,1.513754108,1335.649823,489.5893233,0.720051354,0.235067415,0.261055955,1.405998959,0.719278454,0.540162027,20.19383708,3.2980299,1.89194305,0.018390507,0.014177367,1.297173664,0.014449968,-0.008208138,1394.67802,304.0331364,1.2327691,0.7815085,0.2944847,0.2345877
SRS6-4 12,2023-03-12,22:09:00 ,6.02,3754,25.92,7.55,49190,4.45,67.8,32.12,-9999,-9999,-9999,32.12,1.202740043,8.21973384,1.513881461,1315.340691,485.0397111,0.710674948,0.227686725,0.255446139,1.418380839,0.718254134,0.535060004,19.455639,3.231833721,1.347963704,0.01905624,0.017521635,1.087583417,0.017415105,-0.023888466,1259.797171,275.869998,1.2193239,0.7748701,0.289878,0.2225444
SRS6-4 13,2023-03-12,23:09:00 ,6.196,3792.266667,25.77,7.47,49030,4.04,61.4,32,-9999,-9999,-9999,32,1.194575552,9.278348999,1.507583483,1414.784843,529.4357297,0.697549449,0.209080123,0.250185102,1.50142884,0.760626228,0.578039128,21.06394508,3.399603789,1.53127805,0.018623947,0.017334519,1.074384979,0.017178408,-0.038517879,1386.74522,306.2567036,1.3104917,0.815989,0.3240837,0.2081228
SRS6-4 14,2023-03-13,00:09:00 ,6.347,3811.6,25.67,7.41,16720,4.36,58.3,9.8,-9999,-9999,-9999,9.8,1.200368495,9.410341836,1.518817472,1476.677289,558.6272771,0.699744299,0.232959795,0.245940749,1.555218962,0.793616142,0.602611076,21.46565194,3.38201543,1.552334365,0.018625801,0.017387271,1.071232007,0.017253141,-0.027856283,1412.963291,312.4038472,1.3681589,0.8309957,0.3430863,0.223539
SRS6-4 16,2023-03-13,01:09:00 ,6.552,3823.633333,25.54,7.41,48310,3.65,55.1,31.48,-9999,-9999,-9999,31.48,1.191356617,8.856537664,1.509804053,1553.262079,589.9662423,0.695150098,0.240576374,0.274902492,1.609873999,0.830708377,0.6417596,22.89829947,3.494856452,1.723173669,0.018356207,0.017158588,1.069797068,0.017000732,-0.020598629,1524.836483,338.5254808,1.440501,0.8718069,0.3630947,0.2375781
SRS6-4 17,2023-03-13,02:09:00 ,6.746,3917.033333,25.47,7.41,47830,3.63,54.6,31.14,-9999,-9999,-9999,31.14,1.193992598,9.361643218,1.51298817,1643.982794,620.3938751,0.693721884,0.236721351,0.265761838,1.72056372,0.878098662,0.670609758,23.55761525,3.492086458,1.83056986,0.01829149,0.016822191,1.087342904,0.016702565,-0.021598377,1577.772187,350.0161357,1.5295201,0.9191651,0.3804812,0.2345423
SRS6-4 18,2023-03-13,03:09:00 ,6.826,3896.466667,25.49,7.39,47710,3.5,52.6,31.05,-9999,-9999,-9999,31.05,1.182411107,10.98140135,1.502716596,1671.792238,635.2175418,0.691832381,0.191314575,0.282004999,1.748865369,0.901857423,0.691885915,24.19535005,3.544586881,1.848925965,0.018235494,0.017036338,1.070388154,0.016899092,-0.0221802,1617.289835,359.4899526,1.5539705,0.9434383,0.3918077,0.2029003
SRS6-4 19,2023-03-13,04:09:00 ,6.38,3827.833333,25.59,7.45,48340,3.68,55.5,31.51,-9999,-9999,-9999,31.51,1.192992803,8.313852568,1.515524133,1488.943039,557.4306694,0.706495374,0.248919415,0.284413839,1.555451401,0.803049154,0.608924448,21.39926156,3.354116231,1.524276013,0.018774152,0.017448983,1.075945362,0.017353422,-0.018514129,1403.296011,309.5690773,1.378251,0.8542427,0.3385826,0.2419198
SRS6-4 20,2023-03-13,05:09:00 ,6.132,3764.066667,25.61,7.46,48950,3.72,56.4,31.95,-9999,-9999,-9999,31.95,1.19516323,9.187578539,1.528513773,1392.766566,521.0234365,0.70253088,0.213790776,0.250256504,1.455360514,0.748256676,0.570701792,20.52463066,3.347134811,1.478579271,0.018641388,0.017401361,1.071260386,0.017238529,-0.021397994,1348.098366,297.5868186,1.290883,0.801422,0.3167912,0.211532
SRS6-4 21,2023-03-13,06:09:00 ,6.242,3756.433333,25.56,7.51,49090,3.91,59.2,32.06,-9999,-9999,-9999,32.06,1.206234418,7.898056517,1.506879547,1366.195247,505.667617,0.714517774,0.257606552,0.26202023,1.439969853,0.747294321,0.555565162,20.07122366,3.21551164,1.38413798,0.019021016,0.017575591,1.082240432,0.017499265,-0.019841188,1300.358959,285.159969,1.2645659,0.8030706,0.3029532,0.2458306
SRS6-4 22,2023-03-13,07:09:00 ,5.976,3764.6,25.41,7.52,49090,3.83,57.9,32.06,-9999,-9999,-9999,32.06,1.207862519,8.812242278,1.503116241,1348.464009,499.5506729,0.717106705,0.175793061,0.24899067,1.418515681,0.728989192,0.546848685,20.21656733,3.382959727,1.424821974,0.018841929,0.017474336,1.078262957,0.017325213,-0.015600498,1316.600751,289.4147199,1.2487286,0.7976661,0.30333,0.1914879
SRS6-4 23,2023-03-13,08:09:00 ,6.438,3799.733333,25.39,7.48,48800,3.66,55.2,31.85,-9999,-9999,-9999,31.85,1.200612777,8.294581608,1.501267979,1375.203851,510.522401,0.715648808,0.24160771,0.260315591,1.446398168,0.740096271,0.556879222,20.5946155,3.198915113,1.465997138,0.018775315,0.01741759,1.077951359,0.017295554,-0.026247333,1345.957973,296.4064484,1.2746332,0.8001221,0.3080095,0.2281639
SRS6-4 24,2023-03-13,09:09:00 ,6.505,3837.7,25.41,7.45,48720,3.34,50.4,31.79,-9999,-9999,-9999,31.79,1.190175114,8.912342318,1.515047183,1405.748999,525.8947596,0.71344032,0.217150922,0.264133149,1.485202873,0.756624664,0.574224645,20.82038258,3.200673724,1.606096827,0.018511249,0.016730879,1.106412226,0.016644598,-0.016023864,1376.202377,303.3874458,1.3036326,0.8054969,0.3198483,0.2115411
SRS6-5 1,2023-03-13,10:09:00 ,6.556,3847.566667,25.41,7.45,48780,3.61,54.4,31.83,-9999,-9999,-9999,31.83,1.196510106,9.330075589,1.497168684,1466.235948,559.5034781,0.714284396,0.179579118,0.283001555,1.534087865,0.800218225,0.607813664,21.27216514,3.244686569,1.560754697,0.018630463,0.017073496,1.091192053,0.017107335,-0.02295644,1403.601195,309.5733439,1.3652627,0.8581363,0.3387833,0.2024857
SRS6-5 2,2023-03-13,11:09:00 ,6.519,3868.1,25.45,7.42,48720,3.59,54.1,31.79,-9999,-9999,-9999,31.79,1.189303943,10.14034272,1.509006299,1508.131289,575.3639519,0.69990636,0.16359702,0.265715068,1.563571998,0.821736118,0.630459603,21.31105168,3.269067599,1.551645912,0.018671825,0.017322439,1.077898157,0.017168152,-0.021481561,1403.081071,309.6548799,1.4045237,0.869406,0.3510735,0.1872104
SRS6-5 3,2023-03-13,12:09:00 ,6.393,3836.4,25.62,7.43,48570,3.64,55,31.67,-9999,-9999,-9999,31.67,1.196786043,10.29152875,1.498444877,1492.460381,564.0614919,0.700619836,0.141809038,0.284158695,1.58129331,0.806673733,0.615774724,21.77453386,3.405996224,1.651383362,0.018459057,0.017050449,1.082614097,0.016868207,-0.019927336,1447.529249,320.4597349,1.3864597,0.8632435,0.3416948,0.1831007
SRS6-5 4,2023-03-13,13:09:00 ,7.235,3932.3,25.88,7.42,48070,3.73,56.6,31.3,-9999,-9999,-9999,31.3,1.191703862,10.09495548,1.518148422,1610.383917,612.3246143,0.698915706,0.194993924,0.313709988,1.685372056,0.874650837,0.671355225,22.80983373,3.152706805,1.70813844,0.018522727,0.017169846,1.078794024,0.016968388,-0.023668749,1515.322025,335.4009463,1.5029914,0.9245735,0.3685095,0.2109073
SRS6-5 5,2023-03-13,14:09:00 ,7.503,3924.2,25.82,7.41,48220,3.55,53.8,31.42,-9999,-9999,-9999,31.42,1.20222365,10.19791863,1.492508969,1581.809815,604.3943389,0.696889311,0.15318853,0.278891187,1.643071899,0.857775941,0.658008632,22.69063907,3.024208859,1.697980886,0.01842185,0.017284948,1.065774106,0.017071888,-0.025301975,1509.075438,335.1191448,1.4775133,0.9035875,0.3648015,0.179147
SRS6-5 6,2023-03-13,15:09:00 ,6.642,3789.466667,26.2,7.51,49180,3.92,60,32.1,-9999,-9999,-9999,32.1,1.203329992,10.11836033,1.494341322,1394.70465,517.6748886,0.717285857,0.14254054,0.253589878,1.476680593,0.76450777,0.573068419,20.87203962,3.142432944,1.699466224,0.018340874,0.016262671,1.127789764,0.016105033,-0.020673062,1399.816263,308.7811587,1.2990363,0.8323598,0.3083737,0.1698946
SRS6-5 7,2023-03-13,16:09:00 ,6.15,3697.6,26.63,7.65,49490,4.9,75.6,32.33,-9999,-9999,-9999,32.33,1.19881937,9.192893327,1.483178639,1216.049523,440.8556022,0.736869277,0.155706378,0.250656846,1.297087392,0.674001401,0.490198351,18.29933346,2.975501376,1.207236297,0.01939361,0.018112439,1.070734349,0.017845221,-0.028621393,1170.291737,255.2878644,1.128016,0.7502793,0.2583552,0.1759291
SRS6-5 8,2023-03-13,17:09:00 ,6.214,3703.733333,26.65,7.68,49310,5.16,79.7,32.19,-9999,-9999,-9999,32.19,1.185697887,8.839594757,1.478882043,1203.165862,432.5183081,0.740333457,0.148945997,0.257127214,1.287071505,0.665032442,0.481462437,18.49797452,2.976822421,1.383587398,0.019085685,0.016851372,1.132589377,0.016632832,-0.019840932,1203.739088,262.2005022,1.1151638,0.7447047,0.2530028,0.1803995
SRS6-5 9,2023-03-13,18:09:00 ,6.313,3701.65,26.59,7.69,49320,5.18,79.9,32.2,-9999,-9999,-9999,32.2,1.191990946,8.841890976,1.493864535,1229.763159,444.1109425,0.735574332,0.155295555,0.270182718,1.33424867,0.684382466,0.494613554,18.69638882,2.96156959,1.223602871,0.019473486,0.018148703,1.072995989,0.017886586,-0.0180872,1192.589967,259.5095505,1.1399056,0.7631529,0.2594273,0.1900965
SRS6-5 10,2023-03-13,19:09:00 ,6.472,3734.7,26.5,7.68,49230,4.91,75.6,32.13,-9999,-9999,-9999,32.13,1.18282067,9.168630125,1.492368155,1237.470486,450.8310494,0.739967715,0.155972607,0.239041595,1.322739581,0.689031668,0.500497549,18.3415655,2.833987252,1.164998112,0.019532323,0.018408791,1.061032342,0.018132106,-0.028385148,1164.723342,254.0118759,1.149258,0.7640697,0.2656974,0.1741814
SRS6-5 11,2023-03-13,20:09:00 ,6.583,3767.3,26.28,7.57,49170,4.36,66.8,32.1,-9999,-9999,-9999,32.1,1.189471812,9.01068196,1.484987105,1316.708109,485.7042226,0.720829164,0.161921846,0.275033559,1.400524751,0.727242229,0.533884495,20.21284128,3.070460471,1.479105246,0.018846913,0.01727756,1.090831834,0.017015645,-0.024283653,1323.46571,290.5943508,1.2217075,0.7963217,0.2900386,0.1868616
SRS6-5 12,2023-03-13,21:09:00 ,6.539,3780.733333,26.19,7.54,49080,4.28,65.5,32.04,-9999,-9999,-9999,32.04,1.191549591,9.825720444,1.513083497,1359.179943,505.2567429,0.718510416,0.150142784,0.261365619,1.446113148,0.742194113,0.551500078,20.7779496,3.177542376,1.68514674,0.018421999,0.016277064,1.131776513,0.01611754,-0.018554304,1389.885517,306.1731953,1.2622526,0.8135575,0.3067967,0.1751733
SRS6-5 13,2023-03-13,22:09:00 ,6.611,3795.466667,26.21,7.55,49160,4.22,64.6,32.09,-9999,-9999,-9999,32.09,1.197977939,8.931057321,1.487649331,1359.820844,507.8122728,0.715489943,0.201053686,0.296093163,1.425268442,0.742705726,0.557508668,20.44737386,3.092932061,1.446904867,0.018942129,0.017603877,1.076020303,0.017359979,-0.027814358,1334.642625,293.1509506,1.2575538,0.810194,0.3068895,0.2201156
SRS6-5 14,2023-03-14,23:09:00 ,6.418,3802.533333,26.01,7.45,49150,3.78,57.7,32.09,-9999,-9999,-9999,32.09,1.201945859,10.15407629,1.502777996,1431.182535,544.4324471,0.700361921,0.142233237,0.270975243,1.503431407,0.773273723,0.590192462,20.82679902,3.245060615,1.487306608,0.018712754,0.017674543,1.05874048,0.017321875,-0.021863464,1367.410349,301.98803,1.3284957,0.828757,0.3375074,0.1739174
SRS6-5 15,2023-03-14,00:09:00 ,6.574,3866.5,25.87,7.42,48990,3.66,55.7,31.98,-9999,-9999,-9999,31.98,1.197758469,9.477784069,1.490825498,1518.684822,584.8985696,0.691652825,0.172789352,0.287909185,1.587085028,0.819259188,0.631067891,22.35307358,3.400224153,1.688161876,0.018457173,0.017261558,1.069264583,0.017022201,-0.037611072,1488.534222,329.9857392,1.4115883,0.8655107,0.3632605,0.191419
SRS6-5 16,2023-03-14,01:09:00 ,6.98,3816.033333,25.78,7.41,48940,3.6,54.7,31.94,-9999,-9999,-9999,31.94,1.194825949,9.515381992,1.508723076,1497.055436,573.7509267,0.702198443,0.14723085,0.266433226,1.566843419,0.809184869,0.619766757,22.10698529,3.167189869,1.656711771,0.018407935,0.01718924,1.070898747,0.017024452,-0.021504402,1469.70216,326.0155422,1.3912551,0.8551787,0.356758,0.1761285
SRS6-5 17,2023-03-14,02:09:00 ,7.163,3827.733333,25.68,7.39,48630,3.46,52.4,31.72,-9999,-9999,-9999,31.72,1.194532563,10.12646355,1.522529595,1559.564084,601.9430229,0.693026307,0.149257051,0.248680728,1.62913353,0.836683839,0.64788597,22.6456096,3.161469998,1.720133251,0.018313571,0.017032461,1.075215788,0.016912881,-0.023425466,1511.657383,335.7571709,1.4492728,0.8777397,0.3774628,0.1751026
SRS6-5 18,2023-03-14,03:09:00 ,8.422,3844,25.63,7.38,48550,3.39,51.3,31.66,-9999,-9999,-9999,31.66,1.189609754,10.11564937,1.518162443,1609.378791,620.0455456,0.692625771,0.158583277,0.272231138,1.690063795,0.866292207,0.667792804,24.3663433,2.893177784,2.045103877,0.017903166,0.016185953,1.106092799,0.016090209,-0.014870598,1660.463835,369.7897997,1.4963025,0.9097541,0.3889004,0.1833532
SRS6-5 19,2023-03-14,04:09:00 ,8.376,3952.933333,25.64,7.38,48000,3.42,51.6,31.26,-9999,-9999,-9999,31.26,1.197178939,10.35383308,1.517644229,1723.4603,662.5038133,0.690658199,0.149494357,0.271705746,1.808851837,0.929570781,0.717183558,24.38417103,2.911195204,1.850508674,0.01824199,0.017107442,1.066318989,0.016945837,-0.017658768,1629.341926,362.4250219,1.6078108,0.9707095,0.4099052,0.1851738
SRS6-5 20,2023-03-14,05:09:00 ,8.327,3853.6,25.62,7.38,48130,3.32,50.2,31.35,-9999,-9999,-9999,31.35,1.204946586,9.790697966,1.517154518,1666.905359,640.5820017,0.689725983,0.165962127,0.290323765,1.767712219,0.897413302,0.690856838,24.11997741,2.896598704,1.847488496,0.018179571,0.017089617,1.063778743,0.016919014,-0.018530352,1616.927664,360.0675915,1.5513635,0.9376234,0.397691,0.1980355
SRS6-5 21,2023-03-14,06:09:00 ,7.538,3859.633333,25.66,7.43,48480,3.51,53.1,31.61,-9999,-9999,-9999,31.61,1.201078467,7.482563457,1.519070719,1560.885042,592.59225,0.703162333,0.161117591,0.389477818,1.63531547,0.841411181,0.642369401,22.4948268,2.984190342,1.674146406,0.018588058,0.017198964,1.080766139,0.017050967,-0.021568376,1486.035335,328.3835634,1.4426821,0.9023343,0.3607255,0.2425368
SRS6-5 22,2023-03-14,07:09:00 ,7.041,3808.2,25.65,7.45,48900,3.57,54.1,31.91,-9999,-9999,-9999,31.91,1.198499839,7.943266089,1.532446196,1459.851868,551.3028735,0.706653291,0.176707038,0.325133863,1.52957884,0.792711748,0.604258936,21.5120091,3.055249127,1.568595264,0.018604517,0.01736302,1.071502377,0.017187909,-0.021232694,1418.672571,313.5558294,1.3501733,0.8474599,0.3371315,0.2164697
SRS6-5 23,2023-03-14,08:09:00 ,7.093,3854.733333,25.57,7.43,48760,3.46,52.3,31.81,-9999,-9999,-9999,31.81,1.196924312,9.099242385,1.515109594,1504.767301,572.8155072,0.702271165,0.170564418,0.316549539,1.564407686,0.813351699,0.622498102,21.80947552,3.074788598,1.599330097,0.018632707,0.017253766,1.079921185,0.017093824,-0.019231026,1438.703123,317.8193692,1.3943328,0.8662413,0.3528786,0.2097495
SRS6-5 24,2023-03-14,09:09:00 ,6.782,3857.666667,25.64,7.43,48750,3.41,51.6,31.8,-9999,-9999,-9999,31.8,1.207255438,9.133704638,1.506971648,1510.451024,574.6004368,0.70325432,0.179578159,0.286619822,1.57416731,0.815737715,0.62556468,22.26324832,3.282696597,1.65785741,0.018463967,0.017205733,1.073128735,0.017041008,-0.020120669,1476.342478,327.0831714,1.4022758,0.8695511,0.3529239,0.200131
